,file_name,color_id
0,116991515.jpg,12
1,117196494.jpg,3
2,117207604.jpg,9
3,117194819.jpg,1
4,117166866.jpg,2
5,115468874.jpg,4
6,117053416.jpg,4
7,105848086.jpg,9
8,115501816.jpg,10
9,116983479.jpg,7
10,115463666.jpg,7
11,117102770.jpg,3
12,105511972.jpg,6
13,117182288.jpg,4
14,115257473.jpg,10
15,105218965.jpg,12
16,105710192.jpg,10
17,1000004440.jpg,9
18,105566011.jpg,9
19,105337581.jpg,6
20,105271702.jpg,12
21,105213565.jpg,9
22,117231051.jpg,9
23,117187767.jpg,4
24,105704640.jpg,7
25,116989599.jpg,8
26,117074440.jpg,7
27,117223226.jpg,4
28,116974759.jpg,12
29,117214186.jpg,11
30,105644113.jpg,9
31,105471884.jpg,7
32,105564323.jpg,4
33,105624765.jpg,6
34,105802885.jpg,6
35,105839069.jpg,11
36,117277447.jpg,4
37,117158703.jpg,2
38,117051573.jpg,12
39,105495786.jpg,12
40,117154364.jpg,1
41,105739207.jpg,6
42,115479211.jpg,11
43,117063407.jpg,12
44,105828707.jpg,10
45,105272570.jpg,12
46,105570916.jpg,6
47,117075074.jpg,4
48,117123625.jpg,4
49,117109752.jpg,7
50,117109524.jpg,4
51,117229766.jpg,2
52,117082115.jpg,7
53,117005002.jpg,11
54,105354257.jpg,7
55,115275099.jpg,10
56,105448780.jpg,12
57,117276202.jpg,4
58,117033862.jpg,5
59,117231060.jpg,9
60,117091570.jpg,1
61,105562010.jpg,10
62,105490344.jpg,10
63,105333843.jpg,6
64,117031095.jpg,7
65,117209023.jpg,11
66,1000005517.jpg,12
67,117141420.jpg,4
68,115481302.jpg,7
69,115494534.jpg,9
70,105468629.jpg,7
71,115511163.jpg,2
72,110022273.jpg,9
73,117131789.jpg,11
74,105659707.jpg,9
75,117059549.jpg,5
76,116990796.jpg,12
77,117213007.jpg,11
78,117183179.jpg,12
79,116978516.jpg,11
80,117006991.jpg,7
81,105232761.jpg,12
82,116955367.jpg,12
83,117067945.jpg,7
84,117196651.jpg,9
85,117118018.jpg,12
86,117001516.jpg,7
87,105390920.jpg,11
88,117047925.jpg,12
89,117287784.jpg,3
90,117096711.jpg,4
91,105643806.jpg,11
92,117126333.jpg,2
93,116977044.jpg,8
94,105851025.jpg,7
95,115261888.jpg,7
96,105819464.jpg,9
97,117219621.jpg,11
98,117204739.jpg,11
99,117056854.jpg,7
100,117082645.jpg,11
101,117141475.jpg,3
102,117209446.jpg,8
103,115725371.jpg,3
104,117078252.jpg,5
105,117054051.jpg,1
106,1000005548.jpg,7
107,105619367.jpg,6
108,117167482.jpg,11
109,105716827.jpg,11
110,117123995.jpg,5
111,105771755.jpg,6
112,115492392.jpg,3
113,105537718.jpg,1
114,117133660.jpg,4
115,115470274.jpg,1
116,117214825.jpg,9
117,117224682.jpg,7
118,117039857.jpg,7
119,105836055.jpg,11
120,105316589.jpg,8
121,105728780.jpg,11
122,105826863.jpg,11
123,116987531.jpg,8
124,105768219.jpg,4
125,115465412.jpg,7
126,105735667.jpg,3
127,117067063.jpg,7
128,105339262.jpg,7
129,117102544.jpg,5
130,117105912.jpg,12
131,117217046.jpg,12
132,115275738.jpg,10
133,115498139.jpg,7
134,115476412.jpg,6
135,105717211.jpg,11
136,117100090.jpg,11
137,105206959.jpg,7
138,117094527.jpg,7
139,117051209.jpg,12
140,115480608.jpg,7
141,115486340.jpg,1
142,117194262.jpg,9
143,117018699.jpg,12
144,105338940.jpg,1
145,117197564.jpg,4
146,115504627.jpg,4
147,115274448.jpg,10
148,105337040.jpg,8
149,116989861.jpg,4
150,117013292.jpg,11
151,117057030.jpg,12
152,116993685.jpg,12
153,117087482.jpg,11
154,115243625.jpg,7
155,115249660.jpg,12
156,115246405.jpg,10
157,105455441.jpg,10
158,115497975.jpg,9
159,117044370.jpg,7
160,117148808.jpg,4
161,117012519.jpg,11
162,117019295.jpg,11
163,117127303.jpg,7
164,105735138.jpg,2
165,115507528.jpg,2
166,105560396.jpg,11
167,117049577.jpg,7
168,105623536.jpg,2
169,117042704.jpg,1
170,115489451.jpg,7
171,105774492.jpg,2
172,117126964.jpg,12
173,105794578.jpg,9
174,115502012.jpg,9
175,105584330.jpg,7
176,117086634.jpg,5
177,115276552.jpg,8
178,116979501.jpg,12
179,117127762.jpg,11
180,117244464.jpg,9
181,117098058.jpg,5
182,117026997.jpg,5
183,105462955.jpg,11
184,115264616.jpg,6
185,117107195.jpg,12
186,117222131.jpg,11
187,117079147.jpg,5
188,117097033.jpg,1
189,117008169.jpg,7
190,105402946.jpg,7
191,117073213.jpg,1
192,117201846.jpg,11
193,115496490.jpg,2
194,105649315.jpg,12
195,115469421.jpg,8
196,117123779.jpg,12
197,105471662.jpg,1
198,117296914.jpg,2
199,117091571.jpg,1
200,105234006.jpg,12
201,116993900.jpg,8
202,105709526.jpg,12
203,1000003056.jpg,3
204,117037443.jpg,12
205,117074264.jpg,11
206,105216055.jpg,7
207,105442695.jpg,11
208,115461313.jpg,7
209,115261061.jpg,11
210,117103349.jpg,12
211,117050881.jpg,4
212,105841609.jpg,10
213,117047071.jpg,9
214,117022953.jpg,1
215,115507187.jpg,1
216,117150069.jpg,9
217,105741381.jpg,3
218,105781641.jpg,6
219,116991106.jpg,5
220,105380756.jpg,12
221,117217694.jpg,9
222,117238388.jpg,9
223,1000004940.jpg,12
224,115490937.jpg,4
225,117026924.jpg,7
226,117117090.jpg,7
227,117256019.jpg,2
228,116996018.jpg,8
229,115732327.jpg,4
230,105374962.jpg,7
231,117107995.jpg,12
232,111550701.jpg,12
233,105419780.jpg,12
234,116976325.jpg,7
235,105211158.jpg,12
236,115276309.jpg,10
237,115484213.jpg,7
238,1000008466.jpg,4
239,117118404.jpg,9
240,115724879.jpg,9
241,115260052.jpg,5
242,105490733.jpg,7
243,117138409.jpg,11
244,117231864.jpg,1
245,117157325.jpg,9
246,117014519.jpg,5
247,115500941.jpg,10
248,117212863.jpg,2
249,116982303.jpg,8
250,115482494.jpg,7
251,105389505.jpg,12
252,116953399.jpg,8
253,117024882.jpg,2
254,115486328.jpg,4
255,105478916.jpg,7
256,117059675.jpg,5
257,105412757.jpg,10
258,117188949.jpg,11
259,116969154.jpg,8
260,117027715.jpg,1
261,1000005435.jpg,7
262,117094125.jpg,9
263,117070658.jpg,2
264,105701514.jpg,10
265,105834195.jpg,10
266,117102642.jpg,7
267,117033148.jpg,7
268,117209283.jpg,3
269,105575746.jpg,12
270,117095897.jpg,12
271,116948072.jpg,9
272,105790794.jpg,10
273,105846676.jpg,9
274,105582072.jpg,7
275,117144365.jpg,11
276,117114385.jpg,5
277,105348044.jpg,12
278,105501804.jpg,2
279,105464610.jpg,12
280,117067606.jpg,1
281,117119673.jpg,12
282,117120026.jpg,11
283,117219951.jpg,9
284,105631888.jpg,11
285,115271409.jpg,10
286,105727414.jpg,9
287,115496380.jpg,11
288,105259921.jpg,12
289,105729207.jpg,4
290,105533568.jpg,2
291,115479157.jpg,12
292,105689931.jpg,7
293,105603701.jpg,6
294,117125176.jpg,11
295,116963338.jpg,12
296,105354684.jpg,7
297,115461364.jpg,8
298,117221427.jpg,2
299,117121114.jpg,1
300,117106105.jpg,7
301,105335593.jpg,11
302,105631106.jpg,7
303,105742587.jpg,11
304,116986969.jpg,2
305,105784526.jpg,6
306,105833716.jpg,7
307,115505414.jpg,4
308,117192642.jpg,4
309,115502601.jpg,10
310,115263452.jpg,10
311,105851497.jpg,10
312,105289138.jpg,11
313,117000517.jpg,11
314,117109125.jpg,5
315,117284230.jpg,1
316,117009024.jpg,7
317,117236578.jpg,4
318,117041927.jpg,11
319,105248461.jpg,7
320,115257925.jpg,11
321,115724188.jpg,1
322,117165097.jpg,4
323,117221595.jpg,11
324,116980843.jpg,8
325,105205036.jpg,8
326,116974483.jpg,8
327,105671266.jpg,7
328,117049588.jpg,12
329,115273520.jpg,10
330,105677610.jpg,3
331,105432474.jpg,7
332,105616097.jpg,6
333,117009195.jpg,5
334,117099393.jpg,5
335,117019271.jpg,7
336,105291352.jpg,12
337,117085370.jpg,7
338,105362067.jpg,11
339,116984478.jpg,12
340,117043788.jpg,1
341,116997554.jpg,9
342,117109512.jpg,7
343,117125922.jpg,7
344,117191460.jpg,3
345,117107970.jpg,12
346,117101753.jpg,7
347,117114894.jpg,3
348,105593290.jpg,7
349,115277186.jpg,10
350,105747630.jpg,9
351,117168073.jpg,9
352,117004204.jpg,12
353,105329042.jpg,8
354,105251804.jpg,8
355,105339937.jpg,9
356,117113878.jpg,7
357,105576758.jpg,6
358,105622917.jpg,11
359,117107773.jpg,12
360,117223289.jpg,11
361,117097745.jpg,7
362,105699707.jpg,9
363,117161836.jpg,12
364,117117405.jpg,7
365,105768246.jpg,6
366,117128840.jpg,7
367,105268397.jpg,7
368,105303936.jpg,6
369,117205972.jpg,9
370,117058173.jpg,3
371,105258501.jpg,8
372,117207247.jpg,3
373,117075647.jpg,5
374,117176010.jpg,11
375,117013019.jpg,7
376,117024736.jpg,11
377,117132920.jpg,11
378,117058896.jpg,12
379,105277877.jpg,8
380,117191786.jpg,11
381,117098597.jpg,12
382,105294765.jpg,7
383,105819185.jpg,7
384,115263463.jpg,7
385,115487076.jpg,1
386,117170482.jpg,12
387,105706609.jpg,10
388,117017708.jpg,1
389,117209976.jpg,2
390,115502600.jpg,10
391,115508282.jpg,3
392,117059436.jpg,7
393,115253211.jpg,7
394,117003621.jpg,12
395,117013696.jpg,12
396,117095202.jpg,12
397,105613507.jpg,7
398,105332055.jpg,7
399,117159756.jpg,9
400,117192185.jpg,1
401,115475163.jpg,7
402,105519011.jpg,7
403,117129030.jpg,7
404,115478404.jpg,9
405,117145848.jpg,3
406,1000005163.jpg,11
407,117237436.jpg,2
408,117212958.jpg,3
409,105705196.jpg,7
410,117079795.jpg,7
411,117072102.jpg,12
412,115253947.jpg,8
413,115263054.jpg,4
414,105219357.jpg,6
415,117216299.jpg,11
416,105632128.jpg,6
417,105495789.jpg,12
418,117195647.jpg,11
419,115056101.jpg,6
420,105637102.jpg,7
421,117016700.jpg,5
422,117209389.jpg,9
423,117285142.jpg,2
424,117138879.jpg,9
425,117129967.jpg,2
426,105400764.jpg,6
427,117079968.jpg,7
428,117277332.jpg,2
429,105227099.jpg,7
430,117075542.jpg,10
431,105507838.jpg,7
432,117161899.jpg,11
433,117116036.jpg,7
434,116997367.jpg,12
435,105360710.jpg,7
436,117170839.jpg,3
437,105280521.jpg,12
438,117121791.jpg,1
439,105441359.jpg,12
440,105528781.jpg,12
441,115466613.jpg,6
442,117158521.jpg,10
443,105344084.jpg,7
444,105406596.jpg,8
445,117131168.jpg,11
446,115460415.jpg,7
447,117009302.jpg,12
448,117207808.jpg,11
449,117027372.jpg,1
450,117106799.jpg,5
451,116985727.jpg,8
452,117233121.jpg,11
453,115478149.jpg,7
454,105652957.jpg,9
455,105507844.jpg,12
456,117055349.jpg,1
457,117163826.jpg,3
458,117120347.jpg,11
459,117207713.jpg,11
460,115252652.jpg,5
461,117208200.jpg,12
462,115464391.jpg,8
463,117107835.jpg,2
464,117229773.jpg,3
465,105849572.jpg,9
466,117144496.jpg,9
467,117098826.jpg,12
468,117199947.jpg,1
469,117100044.jpg,5
470,117011819.jpg,4
471,117045382.jpg,1
472,117074452.jpg,5
473,105621464.jpg,11
474,105422450.jpg,7
475,117064280.jpg,7
476,117219529.jpg,4
477,105261230.jpg,5
478,117255208.jpg,4
479,105662788.jpg,7
480,116991428.jpg,5
481,115247316.jpg,8
482,117181082.jpg,1
483,117216875.jpg,11
484,105607588.jpg,12
485,105625675.jpg,6
486,117235737.jpg,4
487,117104495.jpg,1
488,117107019.jpg,7
489,105813860.jpg,2
490,105702998.jpg,9
491,116984223.jpg,8
492,105519961.jpg,12
493,117214379.jpg,9
494,105714747.jpg,9
495,117094219.jpg,1
496,105735050.jpg,10
497,117124468.jpg,7
498,105579556.jpg,7
499,105215310.jpg,6
500,117063057.jpg,1
501,105798594.jpg,3
502,117239890.jpg,9
503,117107661.jpg,1
504,105443083.jpg,7
505,117218111.jpg,11
506,105628416.jpg,1
507,115461040.jpg,12
508,117124520.jpg,3
509,105816603.jpg,10
510,105480277.jpg,5
511,105639850.jpg,1
512,117092532.jpg,12
513,105544375.jpg,12
514,117062688.jpg,7
515,105223424.jpg,12
516,105838706.jpg,11
517,105622081.jpg,3
518,117041485.jpg,12
519,115497791.jpg,9
520,117225458.jpg,9
521,117173305.jpg,4
522,117098986.jpg,7
523,116951661.jpg,7
524,105798869.jpg,10
525,115274366.jpg,8
526,117053122.jpg,5
527,115505642.jpg,10
528,117196927.jpg,11
529,116984954.jpg,8
530,117087258.jpg,5
531,117014427.jpg,9
532,117034073.jpg,12
533,117125642.jpg,11
534,105518393.jpg,12
535,116963316.jpg,8
536,117043256.jpg,9
537,117000493.jpg,11
538,117095602.jpg,11
539,105421700.jpg,12
540,117031534.jpg,12
541,105691571.jpg,10
542,105717327.jpg,6
543,117248499.jpg,9
544,115256826.jpg,9
545,105765430.jpg,3
546,117111931.jpg,11
547,117121478.jpg,7
548,117098558.jpg,7
549,117107877.jpg,7
550,105398934.jpg,10
551,105500271.jpg,2
552,117097778.jpg,1
553,117052798.jpg,11
554,105426260.jpg,12
555,105419436.jpg,7
556,115497612.jpg,9
557,115507511.jpg,9
558,116980602.jpg,11
559,115473895.jpg,8
560,105818735.jpg,8
561,115481630.jpg,1
562,117130284.jpg,12
563,117103969.jpg,7
564,117109493.jpg,7
565,116983261.jpg,7
566,105509639.jpg,10
567,105416985.jpg,5
568,117154055.jpg,4
569,117114414.jpg,1
570,115461758.jpg,7
571,117019056.jpg,12
572,117223701.jpg,11
573,105559277.jpg,7
574,117028865.jpg,12
575,117050254.jpg,1
576,105848637.jpg,10
577,117059641.jpg,5
578,115244392.jpg,10
579,105378258.jpg,5
580,105345558.jpg,7
581,115266396.jpg,9
582,105332224.jpg,7
583,117085145.jpg,7
584,117216773.jpg,4
585,117193672.jpg,11
586,116992571.jpg,8
587,116999417.jpg,12
588,110684305.jpg,4
589,117209308.jpg,11
590,117118465.jpg,7
591,117192568.jpg,4
592,117105513.jpg,1
593,117237695.jpg,9
594,105538327.jpg,7
595,105560007.jpg,9
596,105822517.jpg,7
597,117092272.jpg,12
598,105660181.jpg,10
599,117011183.jpg,12
600,115504555.jpg,6
601,117215467.jpg,3
602,115505476.jpg,4
603,117160212.jpg,11
604,105780137.jpg,10
605,117009580.jpg,5
606,117279966.jpg,12
607,105418426.jpg,10
608,115499778.jpg,6
609,117225640.jpg,3
610,117010400.jpg,7
611,115489126.jpg,10
612,117188412.jpg,11
613,116979133.jpg,4
614,105710562.jpg,10
615,117029669.jpg,7
616,115263491.jpg,7
617,117206247.jpg,4
618,105619302.jpg,10
619,117164510.jpg,4
620,115485540.jpg,7
621,115479219.jpg,6
622,117118476.jpg,5
623,105728580.jpg,10
624,116975358.jpg,7
625,117084321.jpg,2
626,117166609.jpg,3
627,115249716.jpg,5
628,117213283.jpg,3
629,117081491.jpg,9
630,115480760.jpg,12
631,105576306.jpg,9
632,105699752.jpg,4
633,105489077.jpg,7
634,105214489.jpg,7
635,116976063.jpg,12
636,105563703.jpg,12
637,117199313.jpg,4
638,105246643.jpg,12
639,117156330.jpg,7
640,117196789.jpg,11
641,116998789.jpg,8
642,117079533.jpg,5
643,105483487.jpg,6
644,117042999.jpg,4
645,115252839.jpg,12
646,115494133.jpg,7
647,105209589.jpg,10
648,116983562.jpg,7
649,117085414.jpg,5
650,117072048.jpg,5
651,115267647.jpg,1
652,105610281.jpg,9
653,105451892.jpg,12
654,115502544.jpg,9
655,117087283.jpg,1
656,105809672.jpg,11
657,117193996.jpg,7
658,1000005416.jpg,1
659,105633272.jpg,2
660,116978309.jpg,11
661,116988736.jpg,8
662,115488894.jpg,10
663,116961991.jpg,4
664,117106625.jpg,4
665,105559548.jpg,7
666,105639810.jpg,4
667,117087220.jpg,11
668,117209075.jpg,3
669,105633031.jpg,7
670,117191221.jpg,2
671,115239990.jpg,8
672,115459910.jpg,12
673,105686467.jpg,10
674,116977795.jpg,12
675,105407050.jpg,9
676,116985478.jpg,5
677,117120735.jpg,9
678,105581460.jpg,10
679,105803007.jpg,9
680,117106713.jpg,3
681,115473769.jpg,9
682,105586677.jpg,10
683,117050692.jpg,1
684,105788100.jpg,9
685,117190576.jpg,9
686,117051933.jpg,5
687,117202277.jpg,3
688,117012750.jpg,1
689,117218696.jpg,3
690,117069308.jpg,5
691,116973912.jpg,12
692,121072529.jpg,11
693,105514539.jpg,12
694,115504693.jpg,10
695,117131738.jpg,9
696,105531727.jpg,10
697,115480400.jpg,1
698,117111294.jpg,3
699,116989328.jpg,7
700,105566533.jpg,12
701,105441497.jpg,7
702,117026152.jpg,11
703,116960224.jpg,12
704,117081026.jpg,2
705,117092749.jpg,12
706,105443449.jpg,12
707,105578516.jpg,8
708,105664295.jpg,6
709,115268899.jpg,10
710,105673078.jpg,10
711,105303891.jpg,5
712,121094344.jpg,7
713,105805608.jpg,3
714,105381994.jpg,12
715,105250041.jpg,12
716,115720259.jpg,12
717,117149447.jpg,9
718,117040054.jpg,2
719,117081479.jpg,11
720,115256646.jpg,7
721,117070799.jpg,11
722,105710798.jpg,11
723,117247884.jpg,9
724,105391900.jpg,7
725,117030133.jpg,12
726,117201687.jpg,9
727,115460665.jpg,4
728,116992290.jpg,9
729,117165350.jpg,11
730,117224519.jpg,9
731,116990687.jpg,12
732,105810713.jpg,10
733,117117474.jpg,9
734,117120018.jpg,2
735,116959584.jpg,7
736,1000002504.jpg,9
737,117030203.jpg,12
738,116987512.jpg,1
739,117037031.jpg,12
740,1000004452.jpg,11
741,115517199.jpg,4
742,105833644.jpg,9
743,117084603.jpg,12
744,116958646.jpg,12
745,105504120.jpg,7
746,105853815.jpg,7
747,105459558.jpg,6
748,117087596.jpg,7
749,117013141.jpg,7
750,117114456.jpg,1
751,105658370.jpg,3
752,115263236.jpg,11
753,1000008927.jpg,11
754,117090770.jpg,7
755,117151322.jpg,4
756,117090802.jpg,5
757,117095464.jpg,9
758,117261531.jpg,4
759,117248683.jpg,9
760,115506783.jpg,10
761,105412470.jpg,10
762,105436952.jpg,12
763,116998687.jpg,11
764,116986576.jpg,12
765,110013586.jpg,1
766,117035647.jpg,12
767,117077150.jpg,1
768,117224368.jpg,11
769,105489601.jpg,2
770,105542459.jpg,4
771,115261691.jpg,5
772,105383457.jpg,12
773,117065668.jpg,5
774,115272557.jpg,4
775,105230907.jpg,11
776,117221933.jpg,4
777,117169423.jpg,9
778,115268761.jpg,6
779,105480826.jpg,7
780,105286461.jpg,12
781,105808757.jpg,3
782,117226789.jpg,11
783,105272558.jpg,12
784,117229484.jpg,9
785,117083046.jpg,11
786,105843858.jpg,7
787,116976907.jpg,5
788,117082791.jpg,2
789,116995382.jpg,5
790,117228964.jpg,11
791,116992348.jpg,7
792,105800368.jpg,10
793,1000006528.jpg,12
794,115502056.jpg,10
795,117073528.jpg,7
796,117261881.jpg,3
797,116983036.jpg,5
798,117115049.jpg,11
799,117160832.jpg,11
800,116973184.jpg,12
801,105217076.jpg,7
802,105787766.jpg,10
803,117224910.jpg,9
804,117202474.jpg,9
805,115473729.jpg,11
806,105491060.jpg,7
807,105259969.jpg,8
808,117026837.jpg,7
809,105808417.jpg,9
810,117103291.jpg,1
811,117163666.jpg,11
812,117202755.jpg,4
813,117106092.jpg,11
814,105762261.jpg,8
815,105556735.jpg,2
816,117045791.jpg,5
817,117182933.jpg,4
818,117256121.jpg,2
819,105269196.jpg,7
820,105523959.jpg,11
821,105266313.jpg,7
822,117205750.jpg,9
823,117239672.jpg,9
824,117177428.jpg,9
825,117095284.jpg,1
826,117067265.jpg,7
827,115261060.jpg,7
828,105442768.jpg,7
829,105708133.jpg,9
830,115250814.jpg,5
831,115507566.jpg,9
832,116991987.jpg,12
833,105611926.jpg,7
834,105547610.jpg,6
835,117221179.jpg,11
836,117146090.jpg,9
837,105605248.jpg,7
838,117123321.jpg,11
839,117128167.jpg,11
840,117017357.jpg,12
841,110560886.jpg,5
842,105585239.jpg,12
843,117152321.jpg,9
844,117151349.jpg,11
845,117216553.jpg,3
846,105360838.jpg,12
847,105300328.jpg,12
848,117114117.jpg,5
849,105672670.jpg,10
850,117049775.jpg,5
851,117034508.jpg,4
852,117113701.jpg,5
853,116992291.jpg,11
854,105479705.jpg,4
855,105322522.jpg,7
856,115261434.jpg,11
857,116997502.jpg,5
858,117045976.jpg,7
859,117211680.jpg,4
860,105487485.jpg,7
861,117001288.jpg,7
862,110019781.jpg,4
863,105785116.jpg,2
864,115265770.jpg,9
865,117021993.jpg,12
866,117050115.jpg,12
867,105298573.jpg,8
868,105806587.jpg,6
869,115470312.jpg,8
870,116984606.jpg,7
871,105840674.jpg,11
872,117079213.jpg,2
873,105731950.jpg,9
874,117235930.jpg,4
875,105834711.jpg,7
876,117188276.jpg,9
877,117038401.jpg,7
878,115255666.jpg,10
879,105488915.jpg,6
880,105660813.jpg,11
881,105678280.jpg,6
882,117005536.jpg,9
883,105475443.jpg,11
884,117115015.jpg,7
885,117123244.jpg,1
886,116961694.jpg,7
887,105525612.jpg,9
888,116978864.jpg,2
889,105844350.jpg,7
890,105800964.jpg,7
891,105498695.jpg,10
892,115478003.jpg,6
893,105716202.jpg,6
894,117034970.jpg,12
895,116953631.jpg,5
896,111676436.jpg,3
897,115260488.jpg,11
898,117044219.jpg,11
899,117197957.jpg,11
900,115259723.jpg,7
901,117218768.jpg,11
902,117221547.jpg,1
903,115496203.jpg,7
904,105740068.jpg,11
905,117219382.jpg,4
906,117197025.jpg,3
907,116989109.jpg,1
908,115275627.jpg,10
909,115728023.jpg,3
910,117078914.jpg,5
911,117218298.jpg,1
912,105655493.jpg,12
913,117004168.jpg,1
914,105563879.jpg,7
915,117099597.jpg,7
916,117008867.jpg,12
917,117078195.jpg,9
918,1000005280.jpg,7
919,105491856.jpg,7
920,117003890.jpg,2
921,117068882.jpg,5
922,116969999.jpg,12
923,117212558.jpg,10
924,105234109.jpg,4
925,117031749.jpg,5
926,115256778.jpg,7
927,105386200.jpg,11
928,105497023.jpg,10
929,117041588.jpg,5
930,117009937.jpg,12
931,117177122.jpg,2
932,115247900.jpg,12
933,115257528.jpg,7
934,117137945.jpg,4
935,105412912.jpg,12
936,115475366.jpg,7
937,105488508.jpg,7
938,117024881.jpg,5
939,117269351.jpg,9
940,115270906.jpg,11
941,117180427.jpg,11
942,105480124.jpg,12
943,115497741.jpg,11
944,105608138.jpg,9
945,117044414.jpg,5
946,117074989.jpg,4
947,121139627.jpg,11
948,117005305.jpg,12
949,105348383.jpg,12
950,105362617.jpg,12
951,105624076.jpg,11
952,117008238.jpg,5
953,117065275.jpg,7
954,116978708.jpg,8
955,105269545.jpg,12
956,117027080.jpg,7
957,116951645.jpg,8
958,117143949.jpg,11
959,116962180.jpg,12
960,115501490.jpg,11
961,115265866.jpg,7
962,105387188.jpg,12
963,117018801.jpg,1
964,105235720.jpg,7
965,117152272.jpg,11
966,115504030.jpg,4
967,115498897.jpg,2
968,110014625.jpg,8
969,116975462.jpg,8
970,105593696.jpg,6
971,105813765.jpg,6
972,105777819.jpg,12
973,105184729.jpg,1
974,117019344.jpg,1
975,117072951.jpg,7
976,115265761.jpg,10
977,117113733.jpg,3
978,105514393.jpg,6
979,117031091.jpg,4
980,117277025.jpg,3
981,105330759.jpg,10
982,117162051.jpg,3
983,117075759.jpg,9
984,117109405.jpg,11
985,117212980.jpg,11
986,105763573.jpg,12
987,105850300.jpg,10
988,117106024.jpg,7
989,105579846.jpg,12
990,117130827.jpg,11
991,117083403.jpg,1
992,117051183.jpg,5
993,117017561.jpg,7
994,117128698.jpg,4
995,105363724.jpg,2
996,116995894.jpg,12
997,117109243.jpg,12
998,105623091.jpg,2
999,105416761.jpg,12
1000,116978357.jpg,8
1001,117020719.jpg,7
1002,117096014.jpg,12
1003,117222503.jpg,11
1004,117087942.jpg,1
1005,117086831.jpg,7
1006,115256575.jpg,10
1007,115262016.jpg,11
1008,117105709.jpg,7
1009,117188707.jpg,3
1010,115265778.jpg,10
1011,105516948.jpg,11
1012,117076592.jpg,12
1013,105215171.jpg,12
1014,105603117.jpg,7
1015,117026240.jpg,4
1016,105825737.jpg,10
1017,117002566.jpg,12
1018,117110481.jpg,1
1019,117051272.jpg,4
1020,117217922.jpg,11
1021,115718923.jpg,1
1022,115262218.jpg,10
1023,105439617.jpg,6
1024,105747839.jpg,2
1025,115479242.jpg,10
1026,117240884.jpg,9
1027,117028286.jpg,1
1028,117119749.jpg,7
1029,115464343.jpg,8
1030,117134693.jpg,12
1031,115483387.jpg,12
1032,116983186.jpg,12
1033,117040174.jpg,12
1034,117120328.jpg,5
1035,117199496.jpg,3
1036,105290067.jpg,12
1037,117066598.jpg,12
1038,115465869.jpg,8
1039,116980404.jpg,1
1040,105792263.jpg,7
1041,117083399.jpg,7
1042,105542368.jpg,7
1043,116995640.jpg,8
1044,105614119.jpg,3
1045,116981359.jpg,12
1046,105589684.jpg,7
1047,117042210.jpg,7
1048,105302842.jpg,11
1049,117097391.jpg,5
1050,105668192.jpg,12
1051,105804836.jpg,3
1052,116958885.jpg,7
1053,115481385.jpg,7
1054,117178617.jpg,4
1055,117209704.jpg,2
1056,116954404.jpg,12
1057,115486579.jpg,1
1058,115486771.jpg,2
1059,105818466.jpg,7
1060,115501370.jpg,7
1061,105469866.jpg,6
1062,116955008.jpg,8
1063,117106270.jpg,6
1064,116953371.jpg,5
1065,117121464.jpg,12
1066,105376108.jpg,12
1067,105298612.jpg,10
1068,105487147.jpg,6
1069,105574746.jpg,7
1070,105254526.jpg,7
1071,116992166.jpg,5
1072,115486923.jpg,11
1073,105442113.jpg,11
1074,105273534.jpg,10
1075,117128783.jpg,2
1076,115499996.jpg,7
1077,105571378.jpg,3
1078,117018685.jpg,9
1079,105345427.jpg,12
1080,116990868.jpg,7
1081,115252580.jpg,10
1082,117128179.jpg,9
1083,105248083.jpg,10
1084,117215309.jpg,4
1085,1000002716.jpg,9
1086,117184244.jpg,4
1087,115503498.jpg,11
1088,117125450.jpg,7
1089,105355083.jpg,11
1090,117097480.jpg,1
1091,117054092.jpg,12
1092,115485596.jpg,7
1093,117055541.jpg,2
1094,117118494.jpg,4
1095,117199567.jpg,4
1096,105571802.jpg,11
1097,105670433.jpg,9
1098,105791963.jpg,6
1099,105619059.jpg,9
1100,117195008.jpg,11
1101,117162184.jpg,4
1102,115726373.jpg,12
1103,105573485.jpg,12
1104,105296586.jpg,12
1105,105845337.jpg,6
1106,105583153.jpg,6
1107,116995766.jpg,12
1108,117090457.jpg,1
1109,105338411.jpg,12
1110,117054004.jpg,1
1111,115508251.jpg,3
1112,115486900.jpg,7
1113,117144028.jpg,3
1114,105809321.jpg,7
1115,116975283.jpg,12
1116,117091982.jpg,12
1117,117190265.jpg,9
1118,105298751.jpg,7
1119,105374529.jpg,8
1120,105449115.jpg,7
1121,105569606.jpg,9
1122,105549385.jpg,10
1123,115266839.jpg,10
1124,117254863.jpg,9
1125,1000000678.jpg,3
1126,105295333.jpg,7
1127,105756280.jpg,4
1128,117056466.jpg,7
1129,117075839.jpg,5
1130,117126619.jpg,7
1131,117116787.jpg,12
1132,117262090.jpg,2
1133,117048251.jpg,1
1134,117273129.jpg,3
1135,115725138.jpg,11
1136,117051709.jpg,4
1137,117054664.jpg,11
1138,105348726.jpg,8
1139,112023819.jpg,7
1140,115480389.jpg,9
1141,117043645.jpg,12
1142,105437323.jpg,6
1143,105304719.jpg,7
1144,105506987.jpg,7
1145,116976025.jpg,2
1146,115720261.jpg,7
1147,117184028.jpg,2
1148,117025063.jpg,1
1149,105229372.jpg,8
1150,117045366.jpg,5
1151,117238907.jpg,4
1152,105395799.jpg,10
1153,105812275.jpg,3
1154,105318526.jpg,12
1155,117123657.jpg,7
1156,117117226.jpg,1
1157,117049940.jpg,5
1158,105777799.jpg,6
1159,117209095.jpg,11
1160,115484563.jpg,9
1161,115484169.jpg,12
1162,105725462.jpg,10
1163,115492195.jpg,6
1164,105412161.jpg,12
1165,105535002.jpg,9
1166,117248359.jpg,12
1167,116982255.jpg,11
1168,116999561.jpg,12
1169,117072431.jpg,12
1170,105541810.jpg,11
1171,117022287.jpg,7
1172,117188686.jpg,11
1173,117111614.jpg,2
1174,116977444.jpg,12
1175,117045451.jpg,12
1176,117169029.jpg,11
1177,116992321.jpg,8
1178,116970707.jpg,7
1179,105797699.jpg,6
1180,117075868.jpg,7
1181,117010334.jpg,12
1182,117075070.jpg,7
1183,117210354.jpg,2
1184,117055770.jpg,4
1185,105607845.jpg,9
1186,115730644.jpg,3
1187,105610303.jpg,11
1188,105660878.jpg,7
1189,117127309.jpg,7
1190,115242700.jpg,10
1191,105536199.jpg,7
1192,115470118.jpg,7
1193,117237653.jpg,2
1194,105301828.jpg,11
1195,117099565.jpg,11
1196,117103329.jpg,7
1197,115479274.jpg,6
1198,115482592.jpg,7
1199,105676196.jpg,10
1200,105715567.jpg,6
1201,117093467.jpg,12
1202,115477079.jpg,4
1203,105672267.jpg,6
1204,105403751.jpg,12
1205,117240137.jpg,3
1206,116962492.jpg,7
1207,117117549.jpg,7
1208,116954168.jpg,9
1209,116983457.jpg,5
1210,117275294.jpg,3
1211,117078840.jpg,12
1212,117228061.jpg,4
1213,117117847.jpg,7
1214,110014217.jpg,12
1215,116951238.jpg,12
1216,105239817.jpg,12
1217,115457903.jpg,6
1218,116998808.jpg,7
1219,115249473.jpg,10
1220,115718904.jpg,5
1221,117056392.jpg,5
1222,105293336.jpg,7
1223,117014862.jpg,5
1224,117106213.jpg,12
1225,117117645.jpg,7
1226,115256374.jpg,10
1227,105842195.jpg,9
1228,117103646.jpg,11
1229,105495979.jpg,6
1230,116983438.jpg,8
1231,116983234.jpg,8
1232,116988788.jpg,12
1233,105645868.jpg,12
1234,115491419.jpg,9
1235,115477128.jpg,1
1236,117196478.jpg,9
1237,105303998.jpg,12
1238,105260198.jpg,7
1239,105480691.jpg,4
1240,105332120.jpg,12
1241,115260418.jpg,7
1242,117218365.jpg,9
1243,105756624.jpg,4
1244,117128214.jpg,2
1245,117146033.jpg,10
1246,105341716.jpg,7
1247,117025240.jpg,12
1248,115479427.jpg,12
1249,115508877.jpg,9
1250,117102877.jpg,3
1251,117036988.jpg,7
1252,116989575.jpg,5
1253,117046026.jpg,5
1254,115261247.jpg,7
1255,117075446.jpg,9
1256,117160524.jpg,3
1257,105290595.jpg,10
1258,117223588.jpg,11
1259,116971843.jpg,11
1260,117190993.jpg,11
1261,117097612.jpg,7
1262,105240203.jpg,7
1263,117088701.jpg,7
1264,105227035.jpg,6
1265,105694099.jpg,7
1266,116970121.jpg,5
1267,117282151.jpg,2
1268,117044799.jpg,1
1269,115732943.jpg,2
1270,105224824.jpg,12
1271,105654853.jpg,6
1272,117087090.jpg,5
1273,117135174.jpg,3
1274,117057191.jpg,12
1275,115250426.jpg,12
1276,105280523.jpg,12
1277,105331260.jpg,1
1278,105465275.jpg,10
1279,105688470.jpg,2
1280,105684738.jpg,1
1281,117090811.jpg,7
1282,105840963.jpg,8
1283,116976696.jpg,1
1284,117110607.jpg,7
1285,105496524.jpg,10
1286,117063265.jpg,7
1287,105472943.jpg,12
1288,115497498.jpg,11
1289,117227641.jpg,11
1290,117207172.jpg,1
1291,115263362.jpg,10
1292,117138818.jpg,7
1293,117164757.jpg,3
1294,117114078.jpg,11
1295,117093136.jpg,1
1296,116995653.jpg,7
1297,105685754.jpg,4
1298,116975852.jpg,12
1299,117117690.jpg,9
1300,117215547.jpg,3
1301,105511529.jpg,6
1302,117129727.jpg,7
1303,117251440.jpg,3
1304,117095135.jpg,11
1305,105729499.jpg,2
1306,116980393.jpg,1
1307,116974973.jpg,12
1308,117134269.jpg,3
1309,115455270.jpg,8
1310,117065636.jpg,12
1311,117080985.jpg,12
1312,117192400.jpg,11
1313,105824800.jpg,10
1314,117062848.jpg,7
1315,116982241.jpg,1
1316,117003346.jpg,7
1317,117191181.jpg,11
1318,115461743.jpg,7
1319,117238958.jpg,9
1320,116994440.jpg,5
1321,105420598.jpg,5
1322,117013103.jpg,7
1323,105648561.jpg,11
1324,117132090.jpg,4
1325,117027224.jpg,2
1326,116980867.jpg,12
1327,105216591.jpg,12
1328,117200036.jpg,3
1329,117013891.jpg,5
1330,105290875.jpg,7
1331,117122556.jpg,11
1332,105591807.jpg,7
1333,105241765.jpg,7
1334,117128867.jpg,7
1335,105401170.jpg,10
1336,117011939.jpg,12
1337,105733231.jpg,9
1338,115485650.jpg,1
1339,115266184.jpg,10
1340,105216851.jpg,7
1341,117106662.jpg,11
1342,105444683.jpg,7
1343,117230323.jpg,9
1344,115496863.jpg,6
1345,115246940.jpg,7
1346,117020831.jpg,4
1347,105644186.jpg,6
1348,117248165.jpg,9
1349,115485814.jpg,7
1350,117206796.jpg,4
1351,117132209.jpg,7
1352,105543645.jpg,10
1353,105229456.jpg,12
1354,115243705.jpg,8
1355,115489088.jpg,11
1356,105266517.jpg,12
1357,105359658.jpg,8
1358,115720077.jpg,5
1359,115506064.jpg,11
1360,117040168.jpg,2
1361,115258054.jpg,3
1362,117022150.jpg,7
1363,105367896.jpg,7
1364,121061980.jpg,4
1365,105243776.jpg,6
1366,117209563.jpg,2
1367,105695265.jpg,2
1368,115492904.jpg,11
1369,117286787.jpg,3
1370,117141190.jpg,4
1371,105384379.jpg,7
1372,117057837.jpg,1
1373,117091375.jpg,9
1374,105237366.jpg,7
1375,117209626.jpg,9
1376,115261363.jpg,12
1377,105620929.jpg,11
1378,117028420.jpg,12
1379,105695483.jpg,6
1380,1000001547.jpg,11
1381,117126697.jpg,3
1382,117051391.jpg,1
1383,105565547.jpg,3
1384,117089836.jpg,5
1385,105572420.jpg,2
1386,115478765.jpg,11
1387,105601207.jpg,7
1388,117028236.jpg,5
1389,105674042.jpg,7
1390,105794028.jpg,9
1391,117094240.jpg,11
1392,117114639.jpg,12
1393,115256023.jpg,12
1394,115274827.jpg,11
1395,117112490.jpg,7
1396,117110415.jpg,7
1397,117122091.jpg,2
1398,117085942.jpg,3
1399,115497301.jpg,7
1400,117124874.jpg,12
1401,116993229.jpg,8
1402,115733200.jpg,4
1403,117135322.jpg,4
1404,112095060.jpg,7
1405,105796810.jpg,10
1406,117235836.jpg,3
1407,105283314.jpg,12
1408,105342475.jpg,8
1409,116995337.jpg,8
1410,117051676.jpg,5
1411,117106501.jpg,11
1412,117067372.jpg,1
1413,105628731.jpg,11
1414,117005269.jpg,4
1415,120965764.jpg,5
1416,115474726.jpg,11
1417,115714256.jpg,11
1418,115271638.jpg,7
1419,115498511.jpg,6
1420,117116923.jpg,1
1421,117102731.jpg,9
1422,105364447.jpg,7
1423,105236881.jpg,8
1424,117085949.jpg,5
1425,105412727.jpg,4
1426,117231732.jpg,1
1427,117203522.jpg,4
1428,117212017.jpg,3
1429,105296367.jpg,12
1430,115482951.jpg,11
1431,115266609.jpg,7
1432,117049248.jpg,12
1433,105279174.jpg,12
1434,115277379.jpg,7
1435,105289675.jpg,12
1436,105855274.jpg,11
1437,115728857.jpg,4
1438,105328771.jpg,12
1439,105584855.jpg,7
1440,115503211.jpg,10
1441,117003878.jpg,1
1442,105231620.jpg,12
1443,115505584.jpg,3
1444,116989266.jpg,5
1445,117067927.jpg,11
1446,117227835.jpg,11
1447,117107816.jpg,12
1448,105548235.jpg,7
1449,117016911.jpg,12
1450,1000005059.jpg,8
1451,105478717.jpg,1
1452,117278260.jpg,2
1453,117201386.jpg,11
1454,105223366.jpg,7
1455,117259656.jpg,3
1456,116989349.jpg,8
1457,105296777.jpg,12
1458,115479942.jpg,10
1459,105559042.jpg,4
1460,117071926.jpg,9
1461,105640849.jpg,6
1462,115469793.jpg,8
1463,105748446.jpg,10
1464,116996913.jpg,1
1465,117221755.jpg,11
1466,116982802.jpg,7
1467,105336031.jpg,6
1468,117246923.jpg,3
1469,116984398.jpg,7
1470,105281243.jpg,8
1471,115509090.jpg,11
1472,117204692.jpg,11
1473,105620910.jpg,12
1474,117191045.jpg,4
1475,117087631.jpg,1
1476,117111788.jpg,7
1477,117099504.jpg,5
1478,117267949.jpg,12
1479,105783725.jpg,6
1480,117245810.jpg,9
1481,115475055.jpg,7
1482,105744064.jpg,9
1483,117269454.jpg,11
1484,105803037.jpg,6
1485,117043811.jpg,5
1486,117073560.jpg,9
1487,117123506.jpg,11
1488,105790571.jpg,10
1489,117121261.jpg,5
1490,105718787.jpg,7
1491,117125611.jpg,7
1492,115475069.jpg,4
1493,115463138.jpg,11
1494,105471149.jpg,10
1495,105502376.jpg,11
1496,105852880.jpg,6
1497,105738664.jpg,6
1498,117013517.jpg,7
1499,116997696.jpg,12
1500,117218838.jpg,11
1501,105466609.jpg,7
1502,116993346.jpg,5
1503,117281426.jpg,4
1504,105249058.jpg,12
1505,105450308.jpg,7
1506,115257030.jpg,6
1507,117126224.jpg,7
1508,105562517.jpg,12
1509,117085184.jpg,7
1510,117170984.jpg,7
1511,105525384.jpg,6
1512,117163760.jpg,11
1513,115251323.jpg,10
1514,117099835.jpg,11
1515,117184869.jpg,3
1516,105404730.jpg,12
1517,117101538.jpg,5
1518,105633061.jpg,7
1519,116988487.jpg,5
1520,115498934.jpg,11
1521,117006723.jpg,1
1522,105392474.jpg,12
1523,105854616.jpg,10
1524,117012514.jpg,7
1525,115251726.jpg,7
1526,117107836.jpg,11
1527,116994739.jpg,8
1528,105266671.jpg,12
1529,117159660.jpg,3
1530,105585752.jpg,2
1531,117110008.jpg,9
1532,115495432.jpg,9
1533,117212273.jpg,4
1534,105529644.jpg,12
1535,117070400.jpg,1
1536,105237172.jpg,8
1537,117094288.jpg,7
1538,117003221.jpg,7
1539,105851991.jpg,2
1540,105738043.jpg,6
1541,105455139.jpg,7
1542,117002778.jpg,7
1543,117057612.jpg,12
1544,105449021.jpg,6
1545,117222823.jpg,11
1546,115252502.jpg,5
1547,105487095.jpg,7
1548,117118053.jpg,1
1549,117221672.jpg,2
1550,116977228.jpg,7
1551,117105626.jpg,10
1552,105798711.jpg,9
1553,105560784.jpg,7
1554,117224511.jpg,2
1555,115462078.jpg,8
1556,121138461.jpg,7
1557,115251078.jpg,10
1558,105250422.jpg,12
1559,117014520.jpg,7
1560,105575820.jpg,7
1561,105704003.jpg,6
1562,105708948.jpg,7
1563,105336494.jpg,12
1564,117105835.jpg,12
1565,105667053.jpg,2
1566,117072689.jpg,7
1567,115268112.jpg,10
1568,117066197.jpg,11
1569,105700877.jpg,11
1570,117036073.jpg,9
1571,105326074.jpg,2
1572,117074134.jpg,7
1573,117109991.jpg,5
1574,105687705.jpg,10
1575,117039521.jpg,1
1576,105730592.jpg,3
1577,117220901.jpg,9
1578,105495069.jpg,12
1579,117037330.jpg,7
1580,117196956.jpg,2
1581,105518673.jpg,7
1582,105702582.jpg,6
1583,111732495.jpg,3
1584,105429636.jpg,1
1585,115509526.jpg,2
1586,117172182.jpg,2
1587,117200603.jpg,9
1588,116973535.jpg,12
1589,116979490.jpg,1
1590,117213161.jpg,11
1591,115244946.jpg,10
1592,105604482.jpg,12
1593,117267336.jpg,3
1594,111553101.jpg,12
1595,105590512.jpg,9
1596,117088367.jpg,12
1597,117007016.jpg,9
1598,117109619.jpg,7
1599,115270464.jpg,3
1600,115266900.jpg,10
1601,117174613.jpg,3
1602,105442432.jpg,12
1603,105805870.jpg,12
1604,117034733.jpg,9
1605,117061524.jpg,12
1606,115505186.jpg,7
1607,115475909.jpg,12
1608,105323988.jpg,6
1609,117100684.jpg,12
1610,105480704.jpg,7
1611,105677684.jpg,11
1612,105489496.jpg,4
1613,117002523.jpg,12
1614,1000009723.jpg,3
1615,117081185.jpg,7
1616,115485458.jpg,11
1617,117148259.jpg,11
1618,117216936.jpg,2
1619,105550009.jpg,1
1620,117282567.jpg,4
1621,117201004.jpg,3
1622,115500960.jpg,6
1623,105416473.jpg,12
1624,105221099.jpg,1
1625,117114510.jpg,7
1626,117012242.jpg,5
1627,115726137.jpg,9
1628,117072980.jpg,4
1629,117050148.jpg,12
1630,117159764.jpg,4
1631,105434940.jpg,10
1632,117247611.jpg,11
1633,117031164.jpg,12
1634,117249526.jpg,4
1635,115719369.jpg,1
1636,110012936.jpg,1
1637,117079851.jpg,4
1638,117086458.jpg,7
1639,116964548.jpg,7
1640,115481578.jpg,4
1641,117120229.jpg,11
1642,105466195.jpg,10
1643,117060456.jpg,4
1644,117101741.jpg,12
1645,115501912.jpg,10
1646,117013630.jpg,5
1647,115717069.jpg,2
1648,117083160.jpg,5
1649,115270012.jpg,7
1650,105228418.jpg,12
1651,117189002.jpg,3
1652,117041732.jpg,11
1653,117031497.jpg,7
1654,1000005261.jpg,7
1655,117190110.jpg,9
1656,117077190.jpg,7
1657,105452343.jpg,7
1658,117199913.jpg,11
1659,110012080.jpg,2
1660,117108227.jpg,12
1661,117044710.jpg,5
1662,105236442.jpg,6
1663,105672024.jpg,11
1664,117124786.jpg,9
1665,117017531.jpg,7
1666,117104633.jpg,7
1667,117052660.jpg,1
1668,115507582.jpg,9
1669,117224718.jpg,9
1670,117101420.jpg,12
1671,105698764.jpg,7
1672,117039733.jpg,3
1673,105362140.jpg,10
1674,105214726.jpg,1
1675,117076239.jpg,12
1676,105338887.jpg,7
1677,105623013.jpg,2
1678,105855517.jpg,7
1679,105568066.jpg,9
1680,115258286.jpg,10
1681,110682145.jpg,11
1682,115487901.jpg,1
1683,105491153.jpg,2
1684,117019644.jpg,5
1685,115249407.jpg,7
1686,117122277.jpg,7
1687,117035356.jpg,12
1688,117054254.jpg,12
1689,115466432.jpg,7
1690,105318661.jpg,8
1691,117217201.jpg,11
1692,117045690.jpg,12
1693,117107148.jpg,10
1694,105607725.jpg,4
1695,115506698.jpg,9
1696,117209069.jpg,9
1697,115304519.jpg,11
1698,105391640.jpg,6
1699,115261761.jpg,6
1700,115503821.jpg,10
1701,117128135.jpg,9
1702,105785714.jpg,11
1703,105406445.jpg,9
1704,117111811.jpg,11
1705,117071154.jpg,2
1706,105703947.jpg,4
1707,115475402.jpg,3
1708,105380881.jpg,12
1709,117167962.jpg,5
1710,117027165.jpg,7
1711,117232835.jpg,9
1712,115477000.jpg,6
1713,115251602.jpg,7
1714,117043982.jpg,5
1715,105265786.jpg,12
1716,105382645.jpg,12
1717,117028082.jpg,5
1718,117031981.jpg,5
1719,116999505.jpg,3
1720,105808933.jpg,12
1721,117005402.jpg,12
1722,105196162.jpg,7
1723,105531495.jpg,12
1724,117118258.jpg,7
1725,117115105.jpg,4
1726,105748807.jpg,4
1727,117023311.jpg,12
1728,115502738.jpg,10
1729,117211299.jpg,9
1730,105685217.jpg,1
1731,105738543.jpg,9
1732,105527240.jpg,10
1733,117137036.jpg,11
1734,115480919.jpg,12
1735,117119354.jpg,5
1736,117129467.jpg,3
1737,117218364.jpg,3
1738,117116447.jpg,7
1739,117080484.jpg,5
1740,105620932.jpg,12
1741,105639461.jpg,11
1742,1000000004.jpg,2
1743,117076034.jpg,7
1744,117022681.jpg,4
1745,117058693.jpg,12
1746,117113778.jpg,7
1747,105677657.jpg,4
1748,105720383.jpg,7
1749,117212985.jpg,4
1750,117203842.jpg,3
1751,117182109.jpg,9
1752,105451134.jpg,6
1753,116989539.jpg,5
1754,117172763.jpg,3
1755,115491077.jpg,9
1756,116985416.jpg,7
1757,117050233.jpg,1
1758,105213149.jpg,11
1759,117213718.jpg,12
1760,115456232.jpg,7
1761,114457937.jpg,11
1762,115492285.jpg,6
1763,110757585.jpg,11
1764,116983730.jpg,12
1765,117224412.jpg,2
1766,115483464.jpg,4
1767,105340168.jpg,7
1768,105850566.jpg,9
1769,105624136.jpg,2
1770,105377442.jpg,3
1771,117064125.jpg,7
1772,105538238.jpg,12
1773,117059847.jpg,11
1774,105394490.jpg,11
1775,117024749.jpg,1
1776,110017289.jpg,7
1777,115254256.jpg,11
1778,115730035.jpg,3
1779,117107065.jpg,12
1780,117094999.jpg,1
1781,117232873.jpg,4
1782,116978381.jpg,7
1783,115727504.jpg,12
1784,116956461.jpg,8
1785,117014940.jpg,12
1786,105539299.jpg,7
1787,117034913.jpg,7
1788,115493741.jpg,6
1789,105774375.jpg,6
1790,117125277.jpg,9
1791,117117612.jpg,9
1792,105417923.jpg,7
1793,117115165.jpg,4
1794,110018481.jpg,12
1795,105475776.jpg,12
1796,117225957.jpg,11
1797,105591673.jpg,12
1798,105826381.jpg,2
1799,117016256.jpg,5
1800,105656115.jpg,9
1801,117074156.jpg,10
1802,105370852.jpg,5
1803,105351155.jpg,10
1804,116962804.jpg,12
1805,117109919.jpg,2
1806,105239264.jpg,7
1807,115506704.jpg,11
1808,117239709.jpg,4
1809,117056273.jpg,7
1810,117122320.jpg,7
1811,105839554.jpg,10
1812,117028734.jpg,12
1813,117106162.jpg,2
1814,105458074.jpg,6
1815,105365999.jpg,11
1816,105257022.jpg,12
1817,105589528.jpg,10
1818,115494172.jpg,11
1819,116982023.jpg,12
1820,105502691.jpg,7
1821,117239797.jpg,4
1822,105244451.jpg,10
1823,105711763.jpg,7
1824,115472605.jpg,1
1825,105516600.jpg,7
1826,105263429.jpg,12
1827,105765262.jpg,6
1828,117043803.jpg,7
1829,117005311.jpg,12
1830,105411555.jpg,7
1831,117212225.jpg,3
1832,117190943.jpg,9
1833,105831339.jpg,11
1834,115728470.jpg,3
1835,105535192.jpg,7
1836,105555622.jpg,10
1837,105321068.jpg,7
1838,117032459.jpg,7
1839,105793673.jpg,10
1840,117090979.jpg,7
1841,105663549.jpg,7
1842,116984646.jpg,8
1843,117115339.jpg,7
1844,117217907.jpg,4
1845,105849643.jpg,11
1846,117106384.jpg,7
1847,117083052.jpg,9
1848,117076011.jpg,12
1849,115722162.jpg,3
1850,117033593.jpg,11
1851,105209081.jpg,7
1852,105575622.jpg,10
1853,115268885.jpg,10
1854,117013264.jpg,1
1855,117195631.jpg,1
1856,105420424.jpg,2
1857,117086738.jpg,7
1858,115274180.jpg,10
1859,116983269.jpg,4
1860,116959973.jpg,12
1861,116995867.jpg,12
1862,117141507.jpg,11
1863,105249157.jpg,7
1864,117113922.jpg,11
1865,117117574.jpg,7
1866,117110742.jpg,12
1867,105751667.jpg,6
1868,105648125.jpg,12
1869,117216115.jpg,11
1870,117006308.jpg,12
1871,117117892.jpg,12
1872,105779316.jpg,4
1873,115728532.jpg,11
1874,117072168.jpg,12
1875,117068855.jpg,5
1876,117227626.jpg,11
1877,117123646.jpg,1
1878,117061566.jpg,12
1879,105560147.jpg,10
1880,116990074.jpg,12
1881,105382972.jpg,11
1882,105422869.jpg,6
1883,117122229.jpg,7
1884,117153858.jpg,11
1885,117099129.jpg,7
1886,117142572.jpg,4
1887,117172193.jpg,11
1888,117088352.jpg,1
1889,116986753.jpg,8
1890,117038357.jpg,12
1891,105437926.jpg,7
1892,117070795.jpg,7
1893,105392838.jpg,12
1894,105742342.jpg,10
1895,105507350.jpg,6
1896,116983779.jpg,5
1897,117257599.jpg,4
1898,105807739.jpg,11
1899,117099187.jpg,2
1900,105555811.jpg,7
1901,117090484.jpg,12
1902,117085879.jpg,7
1903,115477811.jpg,12
1904,117142451.jpg,12
1905,105523823.jpg,6
1906,115502961.jpg,9
1907,105819418.jpg,3
1908,116984558.jpg,4
1909,117054231.jpg,12
1910,116997116.jpg,7
1911,117093310.jpg,3
1912,117134349.jpg,9
1913,115259490.jpg,12
1914,105285255.jpg,12
1915,111644150.jpg,11
1916,1000005599.jpg,7
1917,115245801.jpg,10
1918,117145362.jpg,11
1919,117222277.jpg,9
1920,117038771.jpg,5
1921,115476579.jpg,7
1922,115274424.jpg,10
1923,105461888.jpg,7
1924,117102944.jpg,4
1925,117154572.jpg,4
1926,105511776.jpg,6
1927,117005254.jpg,12
1928,105455656.jpg,10
1929,105837332.jpg,7
1930,117129420.jpg,7
1931,116979773.jpg,8
1932,116996855.jpg,5
1933,117200453.jpg,9
1934,105653029.jpg,11
1935,116964394.jpg,7
1936,117100426.jpg,7
1937,117140147.jpg,3
1938,105424013.jpg,12
1939,117180196.jpg,9
1940,105509472.jpg,7
1941,115246345.jpg,7
1942,117097495.jpg,5
1943,117000288.jpg,5
1944,117129940.jpg,11
1945,115265222.jpg,10
1946,105326020.jpg,7
1947,117119715.jpg,5
1948,116979603.jpg,8
1949,105631826.jpg,6
1950,115258456.jpg,7
1951,117231845.jpg,3
1952,115497638.jpg,11
1953,116974053.jpg,7
1954,117103122.jpg,1
1955,117058022.jpg,4
1956,110017673.jpg,12
1957,117121215.jpg,9
1958,117037696.jpg,12
1959,105574768.jpg,1
1960,105386202.jpg,6
1961,117304479.jpg,2
1962,115266453.jpg,10
1963,105674119.jpg,9
1964,105515136.jpg,6
1965,117085465.jpg,12
1966,117238975.jpg,4
1967,105540516.jpg,5
1968,117202075.jpg,9
1969,117068131.jpg,7
1970,116979840.jpg,8
1971,115502359.jpg,9
1972,117110439.jpg,5
1973,115275399.jpg,11
1974,117123485.jpg,2
1975,117074513.jpg,1
1976,117124838.jpg,7
1977,117151186.jpg,9
1978,115475467.jpg,7
1979,117258783.jpg,1
1980,116980126.jpg,5
1981,117261975.jpg,11
1982,116996810.jpg,9
1983,117019272.jpg,5
1984,105329115.jpg,7
1985,117238209.jpg,1
1986,117167853.jpg,9
1987,105527697.jpg,11
1988,117259393.jpg,7
1989,117120177.jpg,7
1990,110019584.jpg,3
1991,115499900.jpg,9
1992,105840946.jpg,9
1993,117048288.jpg,7
1994,117116527.jpg,11
1995,117023166.jpg,7
1996,117081017.jpg,7
1997,105804676.jpg,7
1998,115478159.jpg,6
1999,117140074.jpg,11
2000,115504000.jpg,6
2001,1000008822.jpg,11
2002,105656035.jpg,7
2003,105269344.jpg,12
2004,105533708.jpg,11
2005,105280831.jpg,7
2006,105258130.jpg,11
2007,105478293.jpg,7
2008,105220461.jpg,6
2009,105764855.jpg,12
2010,117076272.jpg,5
2011,117128160.jpg,9
2012,105511750.jpg,7
2013,105356433.jpg,7
2014,105429837.jpg,12
2015,116968430.jpg,5
2016,117060377.jpg,11
2017,117024742.jpg,12
2018,117065186.jpg,3
2019,105795669.jpg,3
2020,1000005689.jpg,2
2021,117014079.jpg,1
2022,117209402.jpg,4
2023,117111565.jpg,9
2024,115471230.jpg,7
2025,117157902.jpg,9
2026,105268735.jpg,12
2027,117216489.jpg,4
2028,115474288.jpg,10
2029,115505383.jpg,6
2030,116966839.jpg,2
2031,117075931.jpg,9
2032,117019974.jpg,12
2033,117135848.jpg,9
2034,105440480.jpg,7
2035,117041516.jpg,7
2036,105845483.jpg,3
2037,117262223.jpg,2
2038,117025479.jpg,11
2039,117157128.jpg,11
2040,105495775.jpg,7
2041,117105574.jpg,11
2042,105820759.jpg,9
2043,117274377.jpg,12
2044,115483312.jpg,1
2045,117202200.jpg,2
2046,105640817.jpg,11
2047,115734095.jpg,3
2048,115489774.jpg,11
2049,116978207.jpg,7
2050,117112594.jpg,5
2051,117000743.jpg,5
2052,117229163.jpg,2
2053,105633439.jpg,10
2054,1000000033.jpg,2
2055,117099708.jpg,1
2056,117124268.jpg,1
2057,105852645.jpg,9
2058,117111796.jpg,7
2059,117090822.jpg,12
2060,117224595.jpg,11
2061,115256250.jpg,10
2062,117176630.jpg,7
2063,115470914.jpg,11
2064,117047904.jpg,9
2065,115256130.jpg,7
2066,117016778.jpg,12
2067,117227001.jpg,11
2068,117168119.jpg,9
2069,115719640.jpg,1
2070,105629062.jpg,11
2071,117229941.jpg,2
2072,117096685.jpg,5
2073,117287245.jpg,2
2074,117174856.jpg,1
2075,117230018.jpg,3
2076,105595363.jpg,12
2077,117036665.jpg,3
2078,105838934.jpg,10
2079,105752048.jpg,11
2080,117122625.jpg,1
2081,115482102.jpg,6
2082,110021807.jpg,3
2083,117222329.jpg,9
2084,117161717.jpg,3
2085,117062234.jpg,12
2086,117191000.jpg,9
2087,117191316.jpg,9
2088,117083474.jpg,12
2089,105650340.jpg,2
2090,117084584.jpg,5
2091,105677066.jpg,6
2092,116982833.jpg,7
2093,117195298.jpg,2
2094,117023205.jpg,7
2095,117227163.jpg,2
2096,116978329.jpg,4
2097,117071851.jpg,12
2098,117240060.jpg,2
2099,117100151.jpg,5
2100,115468254.jpg,8
2101,116994985.jpg,8
2102,105345917.jpg,10
2103,117019660.jpg,4
2104,116980945.jpg,5
2105,105783815.jpg,6
2106,105312744.jpg,12
2107,105565095.jpg,7
2108,117094911.jpg,5
2109,117046753.jpg,5
2110,105856891.jpg,3
2111,117050217.jpg,5
2112,105499875.jpg,7
2113,117095759.jpg,7
2114,115274820.jpg,10
2115,117176124.jpg,2
2116,115461789.jpg,10
2117,105630824.jpg,7
2118,117173260.jpg,9
2119,105465018.jpg,10
2120,117029991.jpg,12
2121,117047078.jpg,1
2122,105659303.jpg,2
2123,115261575.jpg,7
2124,116975022.jpg,7
2125,117119997.jpg,1
2126,117287106.jpg,3
2127,105212924.jpg,7
2128,117051492.jpg,7
2129,115469488.jpg,11
2130,115475060.jpg,7
2131,105281628.jpg,12
2132,117127484.jpg,7
2133,105256378.jpg,7
2134,105849123.jpg,10
2135,117269872.jpg,12
2136,115254638.jpg,4
2137,105348729.jpg,11
2138,117158483.jpg,2
2139,117285695.jpg,2
2140,117066957.jpg,12
2141,117188971.jpg,4
2142,117087881.jpg,5
2143,116976882.jpg,5
2144,105816140.jpg,9
2145,115483105.jpg,7
2146,117172270.jpg,11
2147,116969973.jpg,5
2148,117011339.jpg,12
2149,105610998.jpg,9
2150,105662712.jpg,11
2151,111551355.jpg,8
2152,105214639.jpg,12
2153,117084527.jpg,5
2154,117053999.jpg,7
2155,105643534.jpg,6
2156,117052518.jpg,4
2157,105186437.jpg,7
2158,115486751.jpg,8
2159,117224873.jpg,11
2160,115504515.jpg,3
2161,117075364.jpg,5
2162,1000001233.jpg,9
2163,105606824.jpg,6
2164,116998493.jpg,12
2165,117121586.jpg,1
2166,117096102.jpg,7
2167,117285404.jpg,3
2168,117072989.jpg,7
2169,105335896.jpg,11
2170,105703649.jpg,10
2171,117032202.jpg,7
2172,117118547.jpg,11
2173,105795530.jpg,7
2174,105298960.jpg,6
2175,115267494.jpg,10
2176,105654052.jpg,4
2177,1000002965.jpg,11
2178,117025403.jpg,12
2179,115507135.jpg,3
2180,115482704.jpg,10
2181,115508091.jpg,9
2182,105746117.jpg,6
2183,115258565.jpg,7
2184,1000007677.jpg,9
2185,117192375.jpg,4
2186,105507892.jpg,11
2187,105346946.jpg,2
2188,117254416.jpg,3
2189,115476947.jpg,12
2190,115506556.jpg,10
2191,117158862.jpg,1
2192,117016735.jpg,12
2193,115250857.jpg,7
2194,115502703.jpg,6
2195,105231883.jpg,8
2196,115494421.jpg,9
2197,105822040.jpg,12
2198,105571532.jpg,10
2199,117177427.jpg,9
2200,105474792.jpg,6
2201,105637773.jpg,3
2202,105808250.jpg,9
2203,105229210.jpg,7
2204,117139510.jpg,11
2205,117197189.jpg,3
2206,116966356.jpg,7
2207,115260865.jpg,5
2208,117141364.jpg,7
2209,105495303.jpg,2
2210,117098708.jpg,9
2211,116981198.jpg,7
2212,105585340.jpg,7
2213,117188091.jpg,11
2214,105683859.jpg,10
2215,117197665.jpg,2
2216,117261209.jpg,4
2217,105255782.jpg,12
2218,105616656.jpg,10
2219,115275170.jpg,11
2220,117107743.jpg,7
2221,115238875.jpg,7
2222,115496604.jpg,6
2223,117104230.jpg,8
2224,115723714.jpg,9
2225,105456985.jpg,7
2226,116984623.jpg,1
2227,115274341.jpg,10
2228,105783146.jpg,3
2229,115251273.jpg,10
2230,115255631.jpg,7
2231,105510105.jpg,7
2232,117012039.jpg,12
2233,117118005.jpg,9
2234,105849551.jpg,9
2235,117110283.jpg,9
2236,117085217.jpg,5
2237,117174807.jpg,11
2238,105350640.jpg,11
2239,116953440.jpg,8
2240,117208439.jpg,11
2241,115489628.jpg,6
2242,117059497.jpg,1
2243,117000390.jpg,4
2244,116985336.jpg,12
2245,115275779.jpg,10
2246,115262791.jpg,7
2247,117145652.jpg,3
2248,117159535.jpg,4
2249,115479406.jpg,1
2250,117011071.jpg,4
2251,117067207.jpg,11
2252,117040781.jpg,5
2253,105528977.jpg,11
2254,105412203.jpg,7
2255,115266566.jpg,9
2256,115723303.jpg,1
2257,117065121.jpg,7
2258,117096940.jpg,5
2259,105210153.jpg,9
2260,105260483.jpg,12
2261,110011586.jpg,8
2262,115715443.jpg,7
2263,115471173.jpg,9
2264,117105111.jpg,1
2265,116989430.jpg,1
2266,105699001.jpg,10
2267,116952514.jpg,5
2268,117063210.jpg,1
2269,105777582.jpg,3
2270,105269104.jpg,8
2271,117100460.jpg,1
2272,117081879.jpg,2
2273,105346458.jpg,6
2274,115250061.jpg,7
2275,116993999.jpg,8
2276,115483797.jpg,7
2277,117053815.jpg,7
2278,105432845.jpg,7
2279,105350559.jpg,7
2280,117097997.jpg,1
2281,117102043.jpg,1
2282,115485025.jpg,7
2283,110012069.jpg,12
2284,105328782.jpg,7
2285,117103121.jpg,11
2286,116967289.jpg,7
2287,116990160.jpg,7
2288,115505611.jpg,4
2289,117086063.jpg,5
2290,105494727.jpg,9
2291,117216927.jpg,7
2292,105540519.jpg,7
2293,115498848.jpg,10
2294,105262978.jpg,7
2295,117102640.jpg,11
2296,105220691.jpg,12
2297,105603201.jpg,2
2298,117111417.jpg,11
2299,115504954.jpg,10
2300,117112754.jpg,7
2301,105387486.jpg,12
2302,117142876.jpg,11
2303,117108402.jpg,4
2304,105841352.jpg,11
2305,105510649.jpg,4
2306,105370086.jpg,7
2307,115468252.jpg,11
2308,105457438.jpg,11
2309,116996354.jpg,7
2310,105498883.jpg,12
2311,116986644.jpg,8
2312,117110262.jpg,5
2313,105480912.jpg,7
2314,115275859.jpg,7
2315,117022336.jpg,5
2316,117216430.jpg,3
2317,115502242.jpg,3
2318,115477948.jpg,11
2319,105492107.jpg,10
2320,115727505.jpg,12
2321,116997986.jpg,12
2322,105389068.jpg,12
2323,117064367.jpg,7
2324,105450124.jpg,7
2325,105565801.jpg,12
2326,116999010.jpg,1
2327,115269617.jpg,11
2328,116983565.jpg,12
2329,105283273.jpg,12
2330,105394411.jpg,5
2331,115489075.jpg,9
2332,117096283.jpg,7
2333,117011319.jpg,4
2334,117003615.jpg,12
2335,105538346.jpg,11
2336,117086584.jpg,12
2337,105218636.jpg,11
2338,116949283.jpg,7
2339,117098506.jpg,12
2340,115493618.jpg,10
2341,117103484.jpg,11
2342,117107814.jpg,5
2343,117217388.jpg,3
2344,105777235.jpg,7
2345,117038366.jpg,7
2346,117238059.jpg,7
2347,117143423.jpg,11
2348,117073752.jpg,7
2349,117117455.jpg,1
2350,117215645.jpg,2
2351,117038530.jpg,9
2352,105483030.jpg,10
2353,116977962.jpg,7
2354,117022323.jpg,4
2355,115256063.jpg,5
2356,117012488.jpg,11
2357,105326768.jpg,1
2358,105701630.jpg,6
2359,105669229.jpg,2
2360,117100314.jpg,5
2361,105384138.jpg,5
2362,105738258.jpg,6
2363,105484094.jpg,7
2364,105451696.jpg,10
2365,116995206.jpg,9
2366,105542165.jpg,7
2367,117175104.jpg,3
2368,115712475.jpg,2
2369,115269973.jpg,10
2370,117196730.jpg,2
2371,105803127.jpg,10
2372,116996030.jpg,1
2373,105754379.jpg,6
2374,116971673.jpg,7
2375,105299886.jpg,12
2376,105345223.jpg,12
2377,117140730.jpg,7
2378,117094660.jpg,2
2379,105305920.jpg,12
2380,117125063.jpg,7
2381,115254218.jpg,10
2382,116990416.jpg,7
2383,117109581.jpg,5
2384,115488370.jpg,9
2385,115491860.jpg,10
2386,117209108.jpg,11
2387,117142564.jpg,9
2388,117219177.jpg,3
2389,117021097.jpg,7
2390,116980289.jpg,8
2391,105751896.jpg,11
2392,105775978.jpg,3
2393,117037668.jpg,1
2394,117051718.jpg,7
2395,105525502.jpg,11
2396,117078889.jpg,12
2397,115277087.jpg,7
2398,117008364.jpg,12
2399,117098335.jpg,12
2400,105433059.jpg,7
2401,105587667.jpg,7
2402,117218141.jpg,11
2403,117014032.jpg,12
2404,105604506.jpg,2
2405,117090434.jpg,12
2406,1000007140.jpg,11
2407,117106522.jpg,11
2408,117048631.jpg,7
2409,117064847.jpg,3
2410,105738808.jpg,6
2411,105553909.jpg,12
2412,115258466.jpg,12
2413,115464528.jpg,10
2414,105543885.jpg,7
2415,116988360.jpg,7
2416,115724049.jpg,11
2417,115731324.jpg,3
2418,105318184.jpg,12
2419,115271116.jpg,10
2420,105821782.jpg,9
2421,117072595.jpg,7
2422,116960014.jpg,7
2423,115249172.jpg,7
2424,117195638.jpg,9
2425,117029634.jpg,9
2426,105297726.jpg,7
2427,105732474.jpg,6
2428,117014046.jpg,5
2429,117031498.jpg,12
2430,105281536.jpg,5
2431,1000005051.jpg,8
2432,115481673.jpg,7
2433,117247706.jpg,1
2434,105234514.jpg,12
2435,105344793.jpg,12
2436,115504808.jpg,10
2437,105669691.jpg,10
2438,117011798.jpg,12
2439,110681776.jpg,11
2440,116993851.jpg,7
2441,115279166.jpg,8
2442,117178502.jpg,11
2443,116968918.jpg,5
2444,117006316.jpg,1
2445,105208386.jpg,7
2446,117078007.jpg,12
2447,117130364.jpg,11
2448,105320067.jpg,7
2449,117108827.jpg,11
2450,116990523.jpg,7
2451,115272844.jpg,7
2452,117104986.jpg,5
2453,117012499.jpg,1
2454,105766896.jpg,11
2455,117032695.jpg,12
2456,117023110.jpg,2
2457,105589424.jpg,12
2458,105281237.jpg,12
2459,105240718.jpg,7
2460,105437504.jpg,12
2461,105230129.jpg,12
2462,117101928.jpg,12
2463,117135913.jpg,11
2464,117182499.jpg,1
2465,117125673.jpg,7
2466,105768868.jpg,10
2467,117096812.jpg,7
2468,111817791.jpg,9
2469,117141625.jpg,11
2470,105544923.jpg,11
2471,117047866.jpg,5
2472,105828960.jpg,3
2473,115480951.jpg,2
2474,117238708.jpg,9
2475,115269767.jpg,11
2476,117178948.jpg,10
2477,105822632.jpg,11
2478,117200871.jpg,2
2479,105327581.jpg,7
2480,117004876.jpg,7
2481,105385365.jpg,7
2482,117024003.jpg,10
2483,117114836.jpg,5
2484,115499147.jpg,6
2485,116963598.jpg,12
2486,116970738.jpg,8
2487,117016235.jpg,5
2488,115490134.jpg,6
2489,117196731.jpg,11
2490,117225539.jpg,9
2491,117216196.jpg,9
2492,105481216.jpg,11
2493,116988264.jpg,8
2494,117178128.jpg,3
2495,115500743.jpg,9
2496,117121880.jpg,7
2497,105506113.jpg,7
2498,117076047.jpg,12
2499,105579980.jpg,9
2500,115503433.jpg,6
2501,105259709.jpg,10
2502,115258747.jpg,10
2503,105652555.jpg,11
2504,115263276.jpg,10
2505,105498651.jpg,9
2506,115278400.jpg,7
2507,115459816.jpg,2
2508,116992109.jpg,1
2509,117017537.jpg,4
2510,105559925.jpg,7
2511,105474936.jpg,7
2512,117128263.jpg,7
2513,117027140.jpg,4
2514,117192315.jpg,7
2515,117139033.jpg,11
2516,117105133.jpg,9
2517,117078005.jpg,1
2518,105254413.jpg,8
2519,105610421.jpg,4
2520,105594359.jpg,6
2521,117185017.jpg,9
2522,117051037.jpg,12
2523,117228855.jpg,9
2524,115477440.jpg,6
2525,105546133.jpg,10
2526,105257791.jpg,8
2527,117106001.jpg,9
2528,105615390.jpg,3
2529,105531888.jpg,12
2530,117147465.jpg,9
2531,105272338.jpg,6
2532,105465487.jpg,12
2533,105585456.jpg,9
2534,117027708.jpg,11
2535,117216597.jpg,11
2536,116976644.jpg,8
2537,115266536.jpg,7
2538,115272672.jpg,10
2539,116967399.jpg,8
2540,117121557.jpg,7
2541,117104099.jpg,1
2542,117129405.jpg,9
2543,117245938.jpg,9
2544,112606942.jpg,8
2545,115496942.jpg,9
2546,117222313.jpg,3
2547,117007015.jpg,5
2548,116982098.jpg,8
2549,111676671.jpg,12
2550,116949280.jpg,5
2551,117218200.jpg,4
2552,117178057.jpg,9
2553,117222235.jpg,2
2554,105455985.jpg,10
2555,116995633.jpg,4
2556,105406155.jpg,12
2557,117143831.jpg,4
2558,117238605.jpg,7
2559,117194820.jpg,2
2560,105648704.jpg,6
2561,117163651.jpg,11
2562,117094824.jpg,9
2563,117095037.jpg,12
2564,117091750.jpg,5
2565,117064819.jpg,7
2566,117127110.jpg,2
2567,117012882.jpg,5
2568,117032023.jpg,5
2569,105349525.jpg,7
2570,105409168.jpg,12
2571,105650165.jpg,7
2572,115260184.jpg,7
2573,105828818.jpg,4
2574,105766154.jpg,11
2575,116981946.jpg,7
2576,105384425.jpg,12
2577,105584033.jpg,1
2578,115457866.jpg,1
2579,115256236.jpg,7
2580,105762929.jpg,7
2581,117106113.jpg,7
2582,105510225.jpg,6
2583,117096507.jpg,9
2584,117106681.jpg,12
2585,117010529.jpg,7
2586,117192948.jpg,4
2587,105558525.jpg,11
2588,117242357.jpg,2
2589,115269165.jpg,7
2590,105307778.jpg,7
2591,117037555.jpg,5
2592,105712790.jpg,11
2593,117101888.jpg,4
2594,115463118.jpg,12
2595,117200578.jpg,3
2596,116982340.jpg,7
2597,117066947.jpg,7
2598,115466010.jpg,8
2599,105731892.jpg,3
2600,116961395.jpg,8
2601,115487097.jpg,7
2602,115462749.jpg,10
2603,105469513.jpg,12
2604,105402332.jpg,12
2605,117153892.jpg,3
2606,115504993.jpg,10
2607,105792147.jpg,6
2608,117086770.jpg,1
2609,117089757.jpg,12
2610,105234213.jpg,12
2611,105332324.jpg,1
2612,105705879.jpg,1
2613,117097999.jpg,1
2614,117083552.jpg,3
2615,117232897.jpg,3
2616,117125411.jpg,7
2617,117081647.jpg,1
2618,115470323.jpg,7
2619,105364564.jpg,12
2620,117008074.jpg,11
2621,117072806.jpg,7
2622,105365438.jpg,10
2623,115261278.jpg,11
2624,105242319.jpg,8
2625,115481795.jpg,7
2626,117273008.jpg,3
2627,115725504.jpg,11
2628,115726884.jpg,7
2629,117058402.jpg,5
2630,105272858.jpg,5
2631,117057583.jpg,5
2632,115496091.jpg,9
2633,115251456.jpg,10
2634,115502721.jpg,9
2635,105298180.jpg,12
2636,117098427.jpg,12
2637,117068028.jpg,1
2638,117233018.jpg,3
2639,111844535.jpg,4
2640,105649278.jpg,6
2641,105610716.jpg,3
2642,115460019.jpg,8
2643,117128991.jpg,7
2644,115452226.jpg,8
2645,117220041.jpg,4
2646,117023025.jpg,5
2647,1000002149.jpg,7
2648,105406624.jpg,10
2649,105212883.jpg,12
2650,105510258.jpg,12
2651,117188291.jpg,11
2652,117276039.jpg,11
2653,115258431.jpg,4
2654,117189470.jpg,4
2655,105410132.jpg,12
2656,105316089.jpg,5
2657,115466892.jpg,12
2658,117024032.jpg,5
2659,115254277.jpg,11
2660,105532097.jpg,5
2661,117198705.jpg,9
2662,105489797.jpg,8
2663,105777503.jpg,7
2664,117231966.jpg,9
2665,117071751.jpg,9
2666,117197974.jpg,3
2667,105452733.jpg,12
2668,117011014.jpg,12
2669,117082751.jpg,5
2670,117242754.jpg,4
2671,105500962.jpg,10
2672,117005713.jpg,11
